{
  "nodes": {
    "poll-pdf-to-markdown#1": {
      "rfNode": {
        "position": {
          "x": 1287.8850930043623,
          "y": 369.2015533228842
        }
      }
    },
    "pdf-to-markdown#1": {
      "rfNode": {
        "position": {
          "x": 621.1491902714571,
          "y": 410.99126802409194
        }
      }
    }
  },
  "pseudoNodes": {
    "input": {
      "rfNode": {
        "position": {
          "x": 0,
          "y": 85.5
        }
      }
    },
    "output": {
      "rfNode": {
        "position": {
          "x": 1458,
          "y": 85.5
        }
      }
    }
  }
}