{
  "nodes": {
    "upload-to-cloud#1": {
      "rfNode": {
        "position": {
          "x": -1146.2604484009069,
          "y": 381.71055296760477
        }
      }
    },
    "pdf-converter#3": {
      "rfNode": {
        "position": {
          "x": -571.4947930861617,
          "y": 222.06960141551136
        }
      }
    }
  },
  "pseudoNodes": {
    "input": {
      "rfNode": {
        "position": {
          "x": -1146.2604484009069,
          "y": -277.93039858448867
        }
      }
    },
    "output": {
      "rfNode": {
        "position": {
          "x": -146.26044840090685,
          "y": -277.93039858448867
        }
      }
    }
  }
}