{
  "nodes": {
    "pdf-converter#1": {
      "rfNode": {
        "position": {
          "x": -620.6788219943696,
          "y": 131.8010219706074
        }
      }
    },
    "upload-to-cloud#1": {
      "rfNode": {
        "position": {
          "x": -1146.2604484009069,
          "y": 381.71055296760477
        }
      }
    }
  }
}